company,website,backup,location,roles,notes
Point 72,https://careers.point72.com/?experience=early%20career;internships,,,,
Walleye Capital,https://job-boards.greenhouse.io/walleyecapital-external-students,,,,
Jump Trading,https://www.jumptrading.com/hr/students-new-grads,,Chicago,Fairly school-selective recruiting. Very engineering-focused with siloed teams. Known for being extremely fast at execution.,
Optiver,https://www.optiver.com/join-us/jobs/?numberposts=10&level=early-careers&level=internship,,"Chicago, Austin","Tends to have the highest pay out of the three big Dutch firms (IMC, Optiver, Flow Traders) due to their marble bonus system.",
RBC Capital Markets,https://jobs.rbc.com/ca/en/featuredopportunities/student-early-talent-jobs,,,,
TD Securities,https://td.wd3.myworkdayjobs.com/en-US/TD_Bank_Careers?locationCountry=a30a87ed25634629aa6c3958aa2b91ea&jobFamily=de769652963501ab29a8b80c0704c3aa&jobFamily=de769652963501e60b293b0d070431ab,,,,
BMO,https://jobs.bmo.com/global/en/interns,,,,
Scotiabank,https://jobs.scotiabank.com/go/Student-&-New-Grad-Jobs/2298417,,,,
CPP Investment,https://cppib.wd10.myworkdayjobs.com/cppinvestments?locationCountry=bc33aa3152ec42d4995f4791a106ed09&locationCountry=29247e57dbaf46fb855b224e03170bc7&locationCountry=a30a87ed25634629aa6c3958aa2b91ea&jobFamily=b0ac3ae20ece1001ecc502d621120000&jobFamily=7dce790885fe1001b3c457c6cffc0000&jobFamily=7dce790885fe1001b538eef37d540000&jobFamily=b0ac3ae20ece1001ed74f81543b80000&jobFamily=b0ac3ae20ece1001f07cd6e1b16f0000&jobFamily=7dce790885fe1001b227df32cf0b0000&jobFamily=b0ac3ae20ece1001b22a66211feb0000&jobFamily=b0ac3ae20ece1001b23944179e8f0000&jobFamily=b0ac3ae20ece1001b52eb540fcb80000,,,,
OMERS,https://careers.omers.com/ca/en,,,,
OTPP,https://otppb.wd3.myworkdayjobs.com/OntarioTeachers_Careers,,,,
Google,https://www.google.com/about/careers/applications/jobs/results/?category=DATA_CENTER_OPERATIONS&category=DEVELOPER_RELATIONS&category=HARDWARE_ENGINEERING&category=INFORMATION_TECHNOLOGY&category=MANUFACTURING_SUPPLY_CHAIN&category=NETWORK_ENGINEERING&category=PRODUCT_MANAGEMENT&category=PROGRAM_MANAGEMENT&category=SOFTWARE_ENGINEERING&category=TECHNICAL_INFRASTRUCTURE_ENGINEERING&category=TECHNICAL_SOLUTIONS&category=TECHNICAL_WRITING&category=USER_EXPERIENCE&jex=ENTRY_LEVEL&target_level=INTERN_AND_APPRENTICE,,,,
Amazon/AWS,https://www.amazon.jobs/content/en/teams/amazon-web-services/internships#jobs-search,,,,
Microsoft,https://apply.careers.microsoft.com/careers?query=intern&start=0&pid=1970393556631744&sort_by=relevance,,,,
Meta,https://www.metacareers.com/careerprograms/students,,,,
Apple,https://jobs.apple.com/en-us/search?team=internships-STDNT-INTRN,,,,
NVIDIA,https://jobs.nvidia.com/careers?start=0&pid=893395644498&sort_by=timestamp&filter_job_type=intern+%28fixed+term%29%2Cnew+college+graduate,,,,
AMD,https://careers.amd.com/students/jobs,,,,
Intel,https://intel.wd1.myworkdayjobs.com/External?workerSubType=dc8bf79476611087dfde99931439ae75,,,,
Qualcomm,https://careers.qualcomm.com/careers?domain=qualcomm.com&start=0&pid=&sort_by=relevance&filter_seniority=Intern,,,,
Uber,https://www.uber.com/ca/en/careers/list/?department=University,,,,
Stripe,https://stripe.com/jobs/search?tags=University,,,,
Akuna Capital,https://akunacapital.com/careers#careers,,Chicago,,
Ansatz Capital,https://jobs.lever.co/ansatzcapital,,NYC,"Very Small, Citadel Spinoff.",
AQR,https://careers.aqr.com/jobs/department/university-jobs,,"Greenwich, CT",,
Aquatic,https://boards.greenhouse.io/aquaticcapitalmanagement,,Chicago,"Very Small, Citadel Spinoff.","{'role_type': 'SWE', 'links': [{'url': 'https://job-boards.greenhouse.io/aquaticcapitalmanagement/jobs/8489233002'}]}; {'role_type': 'QR', 'links': [{'url': 'https://job-boards.greenhouse.io/aquaticcapitalmanagement/jobs/8489186002'}]}"
Arrowstreet Capital,https://arrowstreetcapital.wd5.myworkdayjobs.com/Campus_Careers,,Boston,Fully Systematic. Very High PnL per head.,
Belvedere Trading,http://www.belvederetrading.com/jobs/,,Chicago,,
Blackedge Capital,https://boards.greenhouse.io/blackedgecapital,,Chicago,,
Bridgewater,https://www.bridgewater.com/working-at-bridgewater/job-openings,,"Westport, CT",Ray Dalio's firm. Very unique culture and interviews. Very School Selective.,
Campbell and Company,https://workforcenow.adp.com/mascsr/default/mdf/recruitment/recruitment.html?cid=2de708e1-c847-43b1-bf0d-0bad30aca014&ccId=19000101_000001&type=MP&lang=en_US,,"Baltimore, MD",This small 60 employee multi-strat quant firm has an extremely collaborative culture.,
Chicago Trading Company,https://www.chicagotrading.com/search#search-results,,Chicago,Very trader led shop. Shares an office with Group One Trading.,
Citadel Securities,https://www.citadelsecurities.com/careers/students/internships/,,"Chicago, NYC",The market making arm of Citadel. The general perception is that the culture tends to be better at Citadel Securities vs Citadel LLC.,
Citadel,https://www.citadel.com/careers/open-opportunities/students/internships/,,"Chicago, NYC",The hedge fund side of Ken Griffin's Citadel. The quants are mostly on the Global Quantitative Strategies team (GQS). Citadel tends to be fairly school-selective.,
Cubist,https://careers.point72.com/?experience=internships,,New York City,The quant arm of Steve Cohen's Point72 hedge fund. Pretty small and school selective.,
DE Shaw,https://www.deshaw.com/careers/internships,,NYC,"Tends to be extremely school-selective, mostly recruiting from ivy leagues and similar. Generally considered a top destination for QRs, more so than other roles.",
DRW,https://drw.com/work-at-drw/category/campus,https://www.drw.com/work-at-drw/listings?filterType=campus&value=Campus,Chicago,Perception is that DRWers tend to have a good WLB but teams are usually siloed. Known for their PM type culture and relatively fluid roles.,
Five Rings,https://fiverings.com/careers,,NYC,Extremely school-selective - generally MIT only.,
Flow Traders,https://www.flowtraders.com/careers,,NYC,"Based in Amsterdam, where there are SWE roles. US internships are for traders. Primary focus is on ETFs. Pay tends be lower than IMC and Optiver. One of the only publicly traded quant funds.",
G-Research,https://www.gresearch.co.uk/join-us/graduates/,,London,Also hires people out of the US. Very focused on research with a lot of people working on cutting-edge Machine Learning.,
Geneva Trading,https://www.genevatrading.com/careers-open-positions/,,Chicago,,
GSA Capital,https://www.gsacapital.com/?section=careers&gh_src=,,NYC,,
HAP Capital,https://jobs.lever.co/hap-capital,,NYC,"Another options market maker. Less known than (IMC, Optiver, ...) but well known in the OMM circle.",
Headlands Tech,https://www.headlandstech.com/careers/,,Chicago,"Founded by ex-Citadel people. Max Dama works here. Similarly to Ansatz, Aquatic, and Radix, a small firm that is willing to pay more than most competitors. Known to have a large focus on C++, both among QRs and SWEs.",
Hudson River Trading,https://www.hudsonrivertrading.com/careers/,,NYC,"The Algo Dev role at HRT is essentially Quantitative Research. HRT's culture seems to be pretty similar to JS and pay is similar too. HRT has a bigger focus on ML with their dedicated HRT AI Labs. Known for recruiting UG QRs, and for very collegial culture.",
IMC Trading,https://careers.imc.com/us/en/student-opportunities,,Chicago,"Known for a pretty chill, tech-like culture. They're a more systematic OMM.",
Jane Street,https://www.janestreet.com/join-jane-street/open-roles/?type=students-and-new-grads,,NYC,"Founded by ex-SIG people. Tends to be more school-agnostic than other firms. General perception of JS is that it has a very comfortable and nerdy culture. Specializes in ETF market making, and uses OCaml as their primary programming language. Has big offices in London and Hong Kong. Opens roles in July.",
Mako Trading,https://www.mako.com/opportunities,,London,,
Marshall Wace,https://www.mwam.com/join-us/internships/,,NYC,,
Maven Securities,https://www.mavensecurities.com/jobs/,,London,Founded by ex-optiver traders.,
Millenium,https://www.mlp.com/job-listings/,,NYC,,
Old Mission,https://www.oldmissioncapital.com/careers/,,"Chicago, NYC",Takes 4 total for a winter internship. Very trader led. Many good traders come here to carve their own path.,
PDT Partners,https://pdtpartners.com/careers,,NYC,"Founded by Pete Muller, very collaborative and secretive culture similar to Rentech. Recruits college students for mainly SWE but some SWE/QR combo roles (dependent on team). Exclusively recruits PhD students for full-time QR roles.",
Peak6,https://peak6.com/careers/?l=&q=intern#jointheparty,,Chicago,The internships are geared towards women. The new grad roles are open to everyone.,
Quantic,https://job-boards.greenhouse.io/walleyecapital-external-students,,"Boston, MA",,"{'role_type': 'QD', 'links': [{'url': 'https://job-boards.greenhouse.io/walleyecapital-external-students/jobs/4679168006'}]}; {'role_type': 'QR', 'links': [{'url': 'https://job-boards.greenhouse.io/walleyecapital-external-students/jobs/4679173006'}]}"
QuantLab,https://www.quantlab.com/careers,,Houston,,
Radix Trading,https://radixtrading.co/,,Chicago,Founded by ex-Citadel people. Radix calls SWEs Quantitative Technologists. Extremely secretive.,
Renaissance,https://www.rentec.com/Careers.action?jobs=true,,Setauket - East Setauket,"The legendary OG quant fund. They interview some normal people for SWE, but other roles tend to be extremely difficult.",
Schonfeld,https://www.schonfeld.com/careers/,,Miami,,
Seven Eight,https://www.seveneightcapital.com/join-us,,NYC,,
SIG,https://careers.sig.com/intern-openings,,Bala Cynwyd,"Has a huge poker culture. Fairly chill culture but pay tends to be on the lower side, especially for SWEs. Considered one of the best or the best firms for traders to start their career.","{'role_type': 'QT', 'links': [{'url': 'https://careers.sig.com/job/10717/Quantitative-Trader-Internship-Summer-2027'}]}"
Squarepoint,https://www.squarepoint-capital.com/early-careers,,NYC,,
TGS,https://www.tgsmc.com/join-our-team/,,Irvine,Perception ranges anywhere from JS to RenTech tier. Extremely secretive - not much else is known.,
